Product,Predicted Waste,Loss,Explanation,Generated,Target Date
ChestnutPanBread ($7.50),0,$0,Similar cool rainy weekend had no leftovers | No special discounts are running | It's a busy weekend with no school,2026-10-09 11:17:28,2026-10-10
ChocoCreamDonut ($4.50),0,$0,"It's a weekend day, usually busy | No buy-one-get-one deal is running | Past cool, damp weekend days had no leftovers",2026-10-09 11:17:28,2026-10-10
UbeCreamDonut ($4.50),0,$0,"Saturday is a busy day | Similar cool, damp weather sold out before | No store-wide deals today",2026-10-09 11:17:28,2026-10-10
PlusMilkRoll ($6.50),0,$0,"Similar cool, rainy Saturday sold out | Product often sells completely on Saturdays | No buy-one-get-one deal tomorrow",2026-10-09 11:17:28,2026-10-10
MontBlancPastry ($6.00),0,$0,"Similar cool, wet day sold out completely | No special deals today | Weekend typically brings good foot traffic",2026-10-09 11:17:28,2026-10-10
ButterCreamBread ($7.50),0,$0,"Similar cool, rainy Saturday sold out completely | No special promotion running tomorrow | This item consistently sells out on weekends",2026-10-09 11:17:28,2026-10-10
MorningBread ($6.75),0,$0,"Similar cool, rainy weekends sold out | No special deals running | Foot traffic likely high for Saturday",2026-10-09 11:17:28,2026-10-10
ChocoFilledCookie ($3.25),0,$0,"Similar cool, rainy conditions previously led to zero leftovers | No promotional deals are planned for tomorrow | Saturdays with school out often sell out",2026-10-09 11:17:28,2026-10-10
StrawberrySoftBread ($4.25),0,$0,"Closest match was a cool, overcast Saturday with zero waste | Weekends typically draw more customers | No promotions are scheduled for tomorrow",2026-10-09 11:17:28,2026-10-10
JalapenoCheeseCroissant ($4.25),1,$4,"Similar cool, rainy day was busy with low waste | No buy-one-get-one promotions planned | It's a weekend, so traffic should be good",2026-10-09 11:17:28,2026-10-10
CurryCroquette ($3.50),0,$0,Similar mild rainy weekend day sold out | Other rainy days also had zero leftovers | High waste days were much hotter,2026-10-09 11:17:28,2026-10-10
MangoCreamDonut ($4.50),0,$0,"A similar cool, damp weekend had no waste | No discount deals will be offered | Weekends often bring busy foot traffic",2026-10-09 11:17:28,2026-10-10
